text,label
My heavens people are getting upset about this.,surprise
"When *[NAME]* has to talk you out of an idea, you know you've got to rethink how you're living your life.",surprise
I'm surprised [NAME] let her post that.,surprise
Wow misleading title.. Ffs,surprise
"[NAME] fucking [NAME], that man is enormous.",surprise
A 12 million sub channel has value. Wouldn't be surprised if it's been hollowed out ready to be sold and rebranded.,surprise
"What? That is the most recent big meme, it's not cringy",surprise
"Wow, I don't know how [NAME] handled that",surprise
Oh my gooooooooood,surprise
How did I miss that?,surprise
I'm so surprised they haven't done it yet tbh!,surprise
My wife and I have a black Christmas tree with some Halloween stuff and Christmas ornaments on it. For Christmas only. But we’re strange people.,surprise
Wow. So I figure you two are both at least considerably older than me (24) and ...wow his response,surprise
23 minutes! Omg that's too long,surprise
"Ladies and gents, I present to you, your typical anti-gunner.",surprise
Look at the reflection of the ceiling in the mirror...and the exit sign. I totally thought this was a jerk.,surprise
"Hes been amazing, so good I've pondered about playing a 442 with [NAME] and him in the middle",surprise
.... That literally made my stomach clench. I can't believe they are charged for the samples... Just eww.,surprise
omg good bot,surprise
Oh wow. You really know your stuff. Luckily I don't have diabetes yet so that's something,surprise
"watching [NAME] attempt hook shots gives me a panic attack, even when he makes them (which is rare)",surprise
"Every year, consistently, once I turned 18. What a world.",surprise
I remember hearing a story about this type of highway camaraderie once from a trucker who helped a woman escape a man... wonder if it was your mom,surprise
I worked at a hospital in northern NJ and float pool was only $4 extra,surprise
Wow. The Miami police! [NAME]! So much to this documentary.,surprise
"Wait.....What? You do know that's not how it works, right?",surprise
Im just glad it didn't take any of that for us. I'm glad I didn't have to see a [NAME] screaming match,surprise
U mad [NAME]?,surprise
Yeah no way random bubbling would get them the highest score. Even in a 50 question test the odd would be ridiculously low,surprise
"Is this in the US? 30k per year blows my mind, my tuition is like 9k ish a year+rent",surprise
[NAME] just commented on my comment with links to the pamphlet! ‘Tis real!,surprise
The number of pedos is too damn high!,surprise
> What? I second this,surprise
"With [NAME] at over 30m (on average), our 2nd expensive player is only at 14.7m? Wow...",surprise
I was there on the opposite side of the field. I did not believe he made that catch until we saw it later on tv. Unreal.,surprise
who doesn’t know what an Ethernet port looks like lmao,surprise
Oh yeah? Come back when you drop your stew on the floor before eating any.,surprise
"I have no idea who those people are, but I've heard their names a lot.",surprise
Wauw! Those weapons are awesome!!,surprise
I perform nostril waxing. It is surprising hardly painful at all. Feels so much better too!,surprise
like clockwork she runs off to twitter to get validation,surprise
I can’t believe only 3 people pet the cat. Not even the cameraman pet the cat!,surprise
"Just saw that. CP3 era, wow I feel old",surprise
"I just got there and saw ""Chicken Pox"" When the image is about smallpox",surprise
"Have you pulled an updated Batch Guidance sheet? If your tossing a lot of coffee out, it sounds like you might be brewing too much.",surprise
I can't believe he came in and 4 seasons in he managed to turn the team into this.,surprise
I'm beginning to wonder how I lived before without these daily posts.,surprise
Your video fails to show how though?,surprise
"4 lives essentially, its insane",surprise
Brain dead clearance. Honestly deserved lead. They have been better.,surprise
What the fuck is [NAME] doing in the background,surprise
OMG she's BYEsexual. Sorry I had to.,surprise
Was it just me or when they showed the backboard camera did the hoop look like it had a surprised face?,surprise
Wow. She didn't get it at all. Very entitled parent,surprise
Can you read? It says right there the tweeter’s husband got out to help the woman and ask if she was okay,surprise
You know I asked once and he was livid. But sometimes I wonder.,surprise
"Apollo is built by lakes, rivers, and oceans so I don't think that's your friend is from fortnite.",surprise
"Hmmm, can I see that statistic claiming Rowan engineering is that high?",surprise
ohhh....,surprise
"I hope you managed to skunk him, so he caught an aroma every time he moved.",surprise
People who hate [NAME] really really hate him. It’s quite fascinating.,surprise
You can do that here dude. got a story? just tell it man,surprise
That's awesome!! Look forward to watching this kids progress in year 2,surprise
There is a surprisingly large number of [NAME] who play.,surprise
Whoa I actually remember this. Wait shit does that mean I’m old,surprise
It continually amazes me how many people don't understand this.,surprise
I'm speechless.,surprise
Woah up until this comment I thought the same,surprise
tRuLy A wOrK oF wOnDeR,surprise
Haha. 🤔,surprise
Surprisingly it wasn’t a [NAME],surprise
These folks have surpassed,surprise
Oh my good lord. I just somethinged over his highlight reel.,surprise
"Ironic. He could save others from secrecy-enabled corruption, but not himself.",surprise
He's already dead!!!!!!!,surprise
oh my [NAME] easily one of the worst sounds aaahhhhhh,surprise
Oh look a player breaking out of a slump against Dallas. Haven't seen this one before,surprise
"Not rare, considering how large the metro area is now. For an individual being impacted by one it is very rare though.",surprise
What? This isn't boys' night. I don't see [NAME] anywhere.,surprise
I watched the first loop before it registered what she was doing then my brain locked up and I made a noise like smeagol being strangled.,surprise
"Really wow, what a steal",surprise
That’s a terrible amount of bp for 11 kills,surprise
30 people is big for you...? Dang im middle eastern and it's over 500 guests each time..,surprise
"Wow, I stand corrected, it's *even worse* than I thought!",surprise
This. I saw a life pro tip a couple weeks ago about this. I cant believe how clean my kitchen has gotten.,surprise
I’m aware but you won’t see the Turkish state broadcaster promoting that filth.,surprise
"[NAME] fuck I know this feeling for academics though, not sports.",surprise
Same. I can’t even imagine it,surprise
That’s awesome! Hopefully the sanity keeps up,surprise
These refs have it out for the colts. I didn't realize we traded our MVP 11 to KC either.,surprise
"[NAME] should be sticking that to the other side of the keeper, strange decision to go for that corner",surprise
"Me, too. Was shocked to say the least.",surprise
It surprises me Turkey doesn't intervene even there. I would presume that at least OB-ES areas are off limits and Turkey would intervene if HTS entered them.,surprise
"Dang, dawg. That one shocked me",surprise
I didn’t know it was gonna be that simple Forgive me [NAME] :D,surprise
You would be floored to hear how many times I played Portal 2...,surprise
Holy shit!!,surprise
"Wow after that [NAME] turnover, I've never turned off a game so fast",surprise
"What?! Now you are just reaching bro. He's not even the best bodybuilder named [NAME], [NAME] has him beat.",surprise
That was my first live Lions game (British and flights to DTW are expensive) I've never gone through so emotions in such a short amount of time,surprise
"I'm shocked! Shocked! Well, not that shocked.",surprise
"You forgot the to be sure >:). It's ""a surprise to be sure"". Back into the hole with you!",surprise
Wow that’s a fascinating belief,surprise
Wow. Of COURSE this happened,surprise
"Yeah I was super surprised by how good Trench was, probably my top album from last year",surprise
Wow! Dudes lucky to be alive today! Who does that? Obviously drunk.,surprise
This is the most high school post I’ve ever seen on this subreddit.,surprise
"Fox News devoted 42 seconds on [NAME], wow.",surprise
I would be so pissed if I was part of that coaching staff. That was unbelievable.,surprise
That is odd.,surprise
Damn this is experience talking.,surprise
"I do that anytime I see something pointy. I'm just like, ""I wonder how it would feel to stab my eye with that.",surprise
Oh wow. Didn’t realize it was that broad.,surprise
"Wait, am I the only one who thought [NAME] was the tallest since childhood?",surprise
">Dupage county Dupage County just elected a Democratic rep, what on earth are you talking about.",surprise
When you find out your favorite goat is flirting with the neighbors goat ....,surprise
The nerve of that [NAME] album on his wall. I still can’t believe he has a child.,surprise
I'd be shocked if he knew much of anything about the EU.,surprise
Wait what power is this?!?,surprise
What a methy situation!,surprise
"Definitely, I also get suspicious when someone tries to be my friend which doesn’t help",surprise
I wonder if it's about a t t e n t i o n s e e k i n g . . .,surprise
Was not expecting that to be a real sub.,surprise
"Whoa whoa whoa, dont go firing him into the rest of us. He is your alien being",surprise
DAMN!,surprise
You’re gonna let him go without unmasking him??,surprise
What camouflage?,surprise
Wowowowow!!!! I’ve been campaigning for [NAME] too!,surprise
Sounds magical!,surprise
It wouldn’t even have been a month yet though... I can’t believe this bootlicking nonsense is upvoted here. [NAME] supporters everywhere these days smh,surprise
That escalated quickly.,surprise
That thread is rage-inducing,surprise
Your son went to school in a treehouse?,surprise
The rhyme scheme is amazing,surprise
"Yikes. That’s straight up paranoid, you can tell they were looking through comments for someone to rage at.",surprise
What’s a dis- what’s that?,surprise
I'll be shocked if humanity makes it to 2100. But yeah. It's a miracle I'm alive since I had the toe on the trigger.,surprise
I mean there's a pretty big community of people that idolize school shooters and rapists so you never know on the internet.,surprise
"Oh look, this entire account was made to link to a store that sells this mug.",surprise
oh [NAME] what did i do,surprise
"The oldest Millennial is 38, so mot surprising you don't know how",surprise
Wow that's just like when I sing it,surprise
Is this a real thing!?! (I am clearly very sheltered),surprise
This is the most upbeat and pleasant I've ever seen someone whose been caught with multiple ounces of weed and ecstasy.,surprise
DAMN I CAN NOT BELIEVE IT,surprise
I expected the windows to burst. Definitely not expected THAT.,surprise
Or take it further: Try showering with just hot water. You might be surprised at how clean you get.,surprise
Oh heck owo,surprise
Didn't know they were doing matches on smaller pitch in the combine to see how they do with less reaction time. Thought that was interesting.,surprise
Wow you’re pathetic for calling out someone who did something right,surprise
Omg didn't even think of that! So clever! Yes!,surprise
I can't believe people actually pay for these. 😩,surprise
Wow this is getting huge,surprise
Wow. As much as I like pizza I would get sick of it if I were to eat it every single day.,surprise
Lost finger how?,surprise
why is this hard to believe it’s totally believable,surprise
uhh guys love natural beauty in a partner but the random effort is like a cool surprise,surprise
Could you imagine? That would be so terrible for viewers. 😂,surprise
Maybe that's what the jerseys looked like 7 years ago when that photo of [NAME] was taken.,surprise
"""Ooooohhhhhh... I can *see* the music!""",surprise
A grumpy old gardener in a rubber mask?,surprise
Hes literally making 15 an hour,surprise
"On top of the animals listed, you can also unfortunately see foxes in Oatley Park closer to sunset.",surprise
Wow holy shit I didn't realize Reddit has become main stream media great analogy bud,surprise
So much confetti,surprise
Omg I had to crank my tv because I thought it was just low volume,surprise
"Wait, wut? I thought there was some sort of (2) term pledge from",surprise
There is a special place in hell for drivers like you. I pray to [NAME] there is.,surprise
I don’t get why you don’t post that hog.,surprise
They seceded because [NAME] was elected despite not appearing on any slave owning states. How is this anything but under representation of ideology.,surprise
hey sweets...,surprise
Exactly. How that woman has survived two no confidence votes amazes me.,surprise
"Wow, that's so clever!",surprise
Fuck knows. They’ve stated both on seperate occasions. The media is all over them.,surprise
I'm actually surprised it stayed up. We already got a shitpost thread yesterday. I though the limit was one per week.,surprise
I couldn’t believe my ears. she’s unbelievable.,surprise
"No, just act surprised if anything comes of it.",surprise
Happy cake day !,surprise
Wow Jurassic Park looks a lot different than in the cinema,surprise
Was there a new episode this week?,surprise
Oh my god.... They used [NAME] voice!,surprise
"Wow, who can afford this one?",surprise
Considering the mass amount of seasonals they hired this year I wouldn’t be surprised.,surprise
>as a part-time Knicks fan Join us! Become a full-time Nuggs fan!,surprise
"They get pissy about ""automatic defenses"" for property. I mean, *REALLY* pissy.",surprise
The music caught me off guard,surprise
"Hmm surprised that went on for as long as it did, at some point there must have been some redeeming qualities.",surprise
What did I just read,surprise
I’m rather surprised that these books are STILL being made. Like I thought they died off around 2014.,surprise
...what? You're far more concerned with the o line than signing [NAME].,surprise
Beverly Hills. They did a whole season about UNDERWEAR. I can't imagine why anyone would pick Jersey in this current phase of [NAME] domination.,surprise
Why? I don’t think I’ve ever seen someone not like [NAME] irl or here. Witten I can see though.,surprise
"That's fucking awesome! I had no idea they would straight up off a dude for trifling! Lmao Winning information forsure, cheers man.",surprise
Udderly hysterical!,surprise
We don't know anything yet till it happens. It's great to see everything think they know the eliminations order.....lol. you will be shooked,surprise
The fuck? That ball was still on the ground tho.,surprise
I was being sarcastic ;),surprise
"That's still a fucking insane number. 70% is goddamn insanity, and the only reason you're alright with it is because you're unaffected.",surprise
Wow yeah similar to my story what a nightmare :(,surprise
Wow. This is messed up.,surprise
"Oh [NAME], House of Leaves. That book is......",surprise
omg no way he totally screwed himself over there XD,surprise
You didn't like the joke? I thought it was an instant classic.,surprise
Wow [NAME] retained NO combat skills from the time he was [NAME] to help him fight Cicada at that bar,surprise
I had a feeling...crazy what that guy can do to his body.,surprise
"OMG, im on hype.",surprise
"Exactly, or they thought he was saying it jokingly. The delusion these men live with continues to amaze me",surprise
"I am so thrilled that you broke through that constraining ceiling, or that ""tunnel vision"".",surprise
Wow. Yeah does your place autograt at 8 or more ? So sorry 😐,surprise
"I wonder what they'll name it.... I guess Chipper if its a boy, and Chipper if its a girl",surprise
So I uh just checked it out and my sanity is gone,surprise
"Whoa, we need animal safe verbiage! Don't feed a fed horse.",surprise
Surprised [NAME] didn't add his hatred of interracial couples in the movie.,surprise
Get a ride to heaven. You think [NAME] wants to pedal that far!,surprise
"Oh god, How I always wish she shows up to the lonely hearts party every time I watch that episode.",surprise
This was insane. I knew [NAME] was legit when he swung at a pitch while being intentionally walked and almost hit it out.,surprise
I’m constantly surprised that [NAME] doesn’t hate her.,surprise
Shocking isn’t it,surprise
"Wow, season 3 is actually out already. Need to check it out",surprise
"""cool little surprise"" ow youtubers: NEW HERO NEW SKINS NEW MAPS NEXT WEEK?!",surprise
"Really? Hey mods, I have this pain in my lower back just about _here_.",surprise
"Wow, well I think that game just aged me 5 years...",surprise
oh my [NAME],surprise
"Like they ""went for it"" against the [NAME] administration for lying the nation into war?",surprise
What the hell,surprise
"[NAME] knocking [NAME] out. Somehow, I didn't expect the brainwashed soldier to betray the kids.",surprise
"Damn, she was gonna clobber that punk with the butt of that gun.",surprise
The lack of stick skills [NAME] lacks is actually astounding.,surprise
Turgeon offense at it's finest. The ball never gets past the three point line and [NAME] just hits a three in someone's face.,surprise
i am shocked... SHOCKED I TELL YOU!,surprise
"Wow, that was insane",surprise
Are you surprised. He doesn’t do anything with himself,surprise
Wow she said that? Let me just #red flag,surprise
I find it really strange how people align themselves with or against a politician so strongly.,surprise
Those inflated monopoly prices go back into Ontario coffers for services like roads and schools! How dare you question them. /s,surprise
"I never heard ridiculous right-wingers mocking people for being ""triggered"" until ridiculous liberals started referring to themselves being ""triggered"".",surprise
Wonder which one belongs to [NAME] and what would be his final carbon footprint tally for this trip alone.,surprise
"Do I make you ornery, baby? Do I?! Ok.. Yeah, I probably do now..",surprise
Read in the news yesterday that 3.6 million have lost their insurance since the rump took office. I wonder how many of them died because of it?,surprise
"Sweet [NAME] of Haiti..it does! I no longer burn paperwork like I used to, and *I* can see it. EDIT: Hermes-talk",surprise
"You'd be surprised how meaningful life is when it actually has a purpose like ""survival"".",surprise
As ironic as it sounds but her being a non factor is what ultimately won them the game (compared to inting [NAME]),surprise
My wife would say that all of the above and another dozen more are cheating...and she wonders why I’ve fucked other women...,surprise
That guy is just eating downvotes left and right,surprise
Can you imagine the amount of backlash she’d get if it was ANOTHER [NAME] collab? Omg.,surprise
"Hey it's been 2 weeks, are your friends still stuck at 60-ish ranks, just gathering info on MM and such.",surprise
me too! a guy a few posts up as well... I wonder how many of us we need for a class action lawsuit,surprise
Lmao is this a bot?,surprise
OH MY GOD TIDYING UP WITH [NAME] IS ON NETFLIX RED ALERT IM GONNA GET SO ORGANIZED,surprise
Oooo too soon man,surprise
"Surprisingly, not a lot of people know though.",surprise
"Think this was an underrated signing. Dudes such a beast when he’s on, can go multiple innings.",surprise
"While we watch the private form of Operation Chokepoint with Patreon, it's bizarre that people don't believe this stuff is real.",surprise
I can’t believe he’s playing the live action sonic the hedgehog,surprise
How have you not seen this movie yet?,surprise
Omg I did the same exact thing LOL,surprise
Plot twist: [NAME] is [NAME] estranged father,surprise
> No one bugs me. And yet you're scared to take your family in public because of Patriot Prayer?,surprise
"Interesting, I’ve never seen a barcode on any of my clothes that I can recall. I don’t buy clothes often though.",surprise
I tried to send this to a friend but [NAME] knocked it away.,surprise
"No, it's the curds, they just feel really strange in my mouth.",surprise
"Holy fuck, that save was on what was essentially a wide open net",surprise
You seriously reposted your repost of the same repost you reposted again.,surprise
*lo and behold,surprise
Right. He didn't even say a word. I feel like I've seen this before tho.,surprise
Wow. Did not realize [NAME] was a top 20,surprise
"Unbelievable that we didn’t sign him Also, we could’ve potentially signed [NAME] the window we signed [NAME]. Kill me.",surprise
It's refreshing to not see comments with anti-china sentiments here every once in a while.,surprise
"For [NAME] sake, they used OFFICIAL ones , my god. Fucking animals.",surprise
What have I watched ?! My eyes!!! Mom!!!,surprise
It's some freaky stuff for sure!! How legitimate do you speculate the experiments are?,surprise
this is a thing? oh no,surprise
I'm surprised he didn't say it was *almost* an inside job,surprise
Really surprised I had to come this far down to find this!,surprise
"forget new buildings, i work at the chase plaza building and am a little bummed that seagram tower made it but this didnt.",surprise
It's an absurdly racist phrase that these anti-racist activists are very comfortable using for some reason.,surprise
"Wow your sister is in abusive relationship, cool.",surprise
Oh my [NAME] give her as much food as she wants!,surprise
Ahhh India. Where she would have been raped 17 times on her daily commute.,surprise
"I used to know a guy back in HS, and college. Every male in his family had been struck by lightning, except him.",surprise
"It's strange i don't understand how work reddit, i drop a link when i create a post but it doesn't work",surprise
Woah. This is a whole new fascinating Reddit thing that I never knew about,surprise
I knew this was a Shitpost before I clicked it. Is this an INTJ thing btw?,surprise
Makes us wonder what its going to be like for my children's generation..,surprise
I'm honestly shocked that the Bucks have more subs than us. I was surprised the Wolves had more too.,surprise
oh my [NAME] that first post 🤢🤢,surprise
It's a miracle,surprise
Oh [NAME] 😍,surprise
I had an ex like that. I know why I couldn't function with his way of life. Totally unproductive.,surprise
? ur slide is right stick,surprise
"Wow, *only* 7 exes. You are definitely FA.",surprise
Sometimes I feel like this stuff can’t be real life.,surprise
"Yeah that’s a bit odd, wouldn’t be surprised to see that change come gametime unless [NAME] is shook or something.",surprise
The claim that whole milk is 40% fat is surprisingly not the most absurd part of this picture. /j,surprise
"[NAME], that's pretty damn good for a state like Virginia, which, although not a swing state anymore, was red not so long ago.",surprise
25000 likes wow! I got max. 30-35 likes.,surprise
"That's really sad to hear, I can't imagine. I'm wishing the best for you",surprise
"Wow, /r/noisygifs for real. First time I genuinely felt I could hear it.",surprise
Oh [NAME] what happened?? A water main break up there😂,surprise
Oh my [NAME] how did I miss that😂,surprise
